userId;–¢–µ–≥–∏;–§–ò–û;–ò–º—è;–û—Ç—á–µ—Å—Ç–≤–æ;–î–∞—Ç–∞ —Ä–æ–∂–¥–µ–Ω–∏—è;Email;–¢–µ–ª–µ—Ñ–æ–Ω;–ü–æ–ª;–¢–∏–ø –ø–æ–ª–∞;–°—Ç—Ä–∞–Ω–∞;–ì–æ—Ä–æ–¥;–ê–¥—Ä–µ—Å;–û–±–ª–∞—Å—Ç—å —Ä–∞–±–æ—Ç—ã;–û–ø–∏—Å–∞–Ω–∏–µ —Ä–∞–±–æ—Ç—ã;–í–∏–¥ —Ä–∞–±–æ—Ç—ã;–î–æ–ª–∂–Ω–æ—Å—Ç—å;–û—Ç–¥–µ–ª;–ò—Å–±–Ω;–¶–µ–Ω–∞;–ü—Ä–æ–¥—É–∫—Ç;–ü–∞—Ä–∞–º–µ—Ç—Ä;–ú–∞—Ç–µ—Ä–∏–∞–ª;–ü—Ä–æ–¥—É–∫—Ç –Ω–∞–∑–≤–∞–Ω–∏–µ
93003;birdcage junkie;–Ø–∫—É–± –ë–æ–±—Ä–æ–≤;–°–∏–ª–∞;Jaden;Mon Feb 09 1959 07:48:00 GMT+0300 (–ú–æ—Å–∫–≤–∞, —Å—Ç–∞–Ω–¥–∞—Ä—Ç–Ω–æ–µ –≤—Ä–µ–º—è);Martyn_Keebler@mail.ru;(994)782-69-39;female;male;–¶–µ–Ω—Ç—Ä–∞–ª—å–Ω–æ–∞—Ñ—Ä–∏–∫–∞–Ω—Å–∫–∞—è –†–µ—Å–ø—É–±–ª–∏–∫–∞;–°—Ç–µ—Ä–ª–∏—Ç–∞–º–∞–∫;–Ω–∞–±. –ú–µ–¥–∏—Ü–∏–Ω—Å–∫–∞—è, 780;–æ–ø—Ç–∏–º–∏–∑–∞—Ü–∏–æ–Ω–Ω—ã–π;–†–µ–≥–∏–æ–Ω–∞–ª—å–Ω—ã–π;–∫–æ–Ω—Å—É–ª—å—Ç–∞–Ω—Ç;–†–µ–≥–∏–æ–Ω–∞–ª—å–Ω—ã–π –∏–Ω—Ç–µ–≥—Ä–∞—Ü–∏–æ–Ω–Ω—ã–π –∞–Ω–∞–ª–∏—Ç–∏–∫;–î–æ–º;978-0-15-226544-1;647.00;–ë–æ—Ç–∏–Ω–æ–∫;–ù–µ–≤–µ—Ä–æ—è—Ç–Ω—ã–π;–ü–ª–∞—Å—Ç–∏–∫–æ–≤—ã–π;–°–≤–æ–±–æ–¥–Ω—ã–π –î–µ—Ä–µ–≤—è–Ω–Ω—ã–π –ù–æ–∂–Ω–∏—Ü—ã
65093;e-book supporter, student;–û—Å—Ç–∞–ø –ê–Ω–∏—Å–∏–º–æ–≤–∏—á –ö–æ—Å—Ç–∏–Ω;–ù–∏–∫–∏—Ç–∞;Avery;Fri Sep 02 1966 05:19:52 GMT+0300 (–ú–æ—Å–∫–≤–∞, —Å—Ç–∞–Ω–¥–∞—Ä—Ç–Ω–æ–µ –≤—Ä–µ–º—è);Pavel_Hessel84@yandex.ru;(974)512-34-16;male;female;–§–∏–Ω–ª—è–Ω–¥–∏—è;–í–ª–∞–¥–∏–º–∏—Ä;–Ω–∞–±–µ—Ä–µ–∂–Ω–∞—è –ù–∞–±–µ—Ä–µ–∂–Ω–∞—è, 773;–ª–æ–≥–∏—Å—Ç–∏—á–µ—Å–∫–∏–π;–û–±–ª–∞—Å—Ç–Ω–æ–π;—Å–æ—Ç—Ä—É–¥–Ω–∏–∫;–†–µ–≥–∏–æ–Ω–∞–ª—å–Ω—ã–π –ª–æ–≥–∏—Å—Ç–∏—á–µ—Å–∫–∏–π –¥–∏–∑–∞–π–Ω–µ—Ä;–ü—Ä—è–∂–∞;978-1-350-05334-2;618.00;–ë–µ—Ä–µ—Ç;–ú–∞–ª–µ–Ω—å–∫–∏–π;–†–µ–∑–∏–Ω–æ–≤—ã–π;–ü—Ä–∞–∫—Ç–∏—á–Ω—ã–π –ú–µ—Ö–æ–≤–æ–π –ö–æ–º–ø—å—é—Ç–µ—Ä
12075;blanket lover, scientist ü¶ö;–ö–æ–ø—ã–ª–æ–≤–∞ –í–µ—Ä–∞ –°–µ—Ä–≥–µ–µ–≤–Ω–∞;–ë–æ–≥–¥–∞–Ω;Ellis;Thu Aug 27 1987 07:45:18 GMT+0400 (–ú–æ—Å–∫–≤–∞, –ª–µ—Ç–Ω–µ–µ –≤—Ä–µ–º—è);Leon.Reilly@yandex.ru;(922)015-15-89;female;male;–£—Ä—É–≥–≤–∞–π;–¢–∞–≥–∞–Ω—Ä–æ–≥;–ü–æ—á—Ç–æ–≤–∞—è —É–ª–∏—Ü–∞, 719;–∏–Ω—Ç–µ–≥—Ä–∞—Ü–∏–æ–Ω–Ω—ã–π;–ú–µ–∂–¥—É–Ω–∞—Ä–æ–¥–Ω—ã–π;–∫–æ–æ—Ä–¥–∏–Ω–∞—Ç–æ—Ä;–ì–ª–∞–≤–Ω—ã–π —Å—Ç—Ä–∞—Ö–æ–≤–æ–π –∫–æ–æ—Ä–¥–∏–Ω–∞—Ç–æ—Ä;–ú–µ—Ö–∞;978-1-58869-747-9;162.00;–ù–æ–∂–Ω–∏—Ü—ã;–ü–æ—Ç—Ä—è—Å–∞—é—â–∏–π;–ë–µ—Ç–æ–Ω–Ω—ã–π;–õ–æ—Å–Ω—è—â–∏–π—Å—è –†–µ–∑–∏–Ω–æ–≤—ã–π –°–∞–±–æ
73338;geek, leader, student;–ú—è—Å–Ω–∏–∫–æ–≤–∞ –ù–∞–∏–Ω–∞;–ê–Ω–∂–µ–ª–∏–∫–∞;Bowie;Tue Mar 28 1967 11:29:13 GMT+0300 (–ú–æ—Å–∫–≤–∞, —Å—Ç–∞–Ω–¥–∞—Ä—Ç–Ω–æ–µ –≤—Ä–µ–º—è);Lazaruk56@gmail.com;(995)268-53-43;male;male;–°–∞–Ω-–¢–æ–º–µ –∏ –ü—Ä–∏–Ω—Å–∏–ø–∏;–£–ª–∞–Ω-–£–¥—ç;–¢–∞–µ–∂–Ω–∞—è —É–ª–∏—Ü–∞, 952;—Å—Ç—Ä–∞—Ö–æ–≤–æ–π;–ú–µ–∂–¥—É–Ω–∞—Ä–æ–¥–Ω—ã–π;—Å–ø–µ—Ü–∏–∞–ª–∏—Å—Ç;–¶–µ–Ω—Ç—Ä–∞–ª—å–Ω—ã–π –æ–ø—Ç–∏–º–∏–∑–∞—Ü–∏–æ–Ω–Ω—ã–π –∞—Ä—Ö–∏—Ç–µ–∫—Ç–æ—Ä;–°–ø–æ—Ä—Ç;978-1-998152-88-9;901.00;–†–µ–º–µ–Ω—å;–ù–µ–≤–µ—Ä–æ—è—Ç–Ω—ã–π;–ì—Ä–∞–Ω–∏—Ç–Ω—ã–π;–°–≤–æ–±–æ–¥–Ω—ã–π –ú–µ—Ö–æ–≤–æ–π –°–≤–∏—Ç–µ—Ä
18480;engineer, teacher;–ü–∞—Ö–æ–º –ö—É–ª–∏–∫–æ–≤;–¢–∞–∏—Å–∏—è;Noah;Sat May 09 2009 22:44:48 GMT+0400 (–ú–æ—Å–∫–≤–∞, –ª–µ—Ç–Ω–µ–µ –≤—Ä–µ–º—è);Karp.Connelly55@gmail.com;(975)521-96-29;female;male;–ö—É–±–∞;–ù–æ–≤–æ—Ä–æ—Å—Å–∏–π—Å–∫;—É–ª–∏—Ü–∞ –†–æ—Å—Ç–æ–≤—Å–∫–∞—è, 360;–∏–Ω—Ç–µ–≥—Ä–∞—Ü–∏–æ–Ω–Ω—ã–π;–í–µ–¥—É—â–∏–π;—Ç–µ—Ö–Ω–∏–∫;–ì–µ–Ω–µ—Ä–∞–ª—å–Ω—ã–π –º–∞—Ä–∫–µ—Ç–∏–Ω–≥–æ–≤—ã–π –∞–Ω–∞–ª–∏—Ç–∏–∫;–¥–ª—è –º–∞–ª—ã—à–µ–π;978-1-373-18269-2;376.00;–°—Ç—É–ª;–≠—Ä–≥–æ–Ω–æ–º–∏—á–Ω—ã–π;–ö–æ–∂–∞–Ω–Ω—ã–π;–ü–æ—Ç—Ä—è—Å–∞—é—â–∏–π –ö–æ–∂–∞–Ω–Ω—ã–π –°–≤–∏—Ç–µ—Ä
68240;glasses junkie  üõÖ;–û–Ω—É—Ñ—Ä–∏–π –ö–∞–±–∞–Ω–æ–≤;–ê–ø–æ–ª–ª–∏–Ω–∞—Ä–∏–π;Logan;Fri Jan 22 2010 21:34:41 GMT+0300 (–ú–æ—Å–∫–≤–∞, —Å—Ç–∞–Ω–¥–∞—Ä—Ç–Ω–æ–µ –≤—Ä–µ–º—è);Veniamin_Weissnat13@yahoo.com;(931)790-14-22;female;male;–¢—É–Ω–∏—Å;–ö–æ—Ç–ª–∞—Å;–®–∏—Ä–æ–∫–∞—è –Ω–∞–±., 290;–º–∞—Ä–∫–µ—Ç–∏–Ω–≥–æ–≤—ã–π;–¶–µ–Ω—Ç—Ä–∞–ª—å–Ω—ã–π;—Å–æ—Ç—Ä—É–¥–Ω–∏–∫;–†–µ–≥–∏–æ–Ω–∞–ª—å–Ω—ã–π –æ–ø–µ—Ä–∞—Ü–∏–æ–Ω–Ω—ã–π —Å–æ—Ç—Ä—É–¥–Ω–∏–∫;–ê–≤—Ç–æ–º–æ–±–∏–ª—å–Ω–æ–µ;978-1-7954-0019-0;194.00;–ê–≤—Ç–æ–º–æ–±–∏–ª—å;–ò–Ω—Ç–µ–ª–ª–µ–∫—Ç—É–∞–ª—å–Ω—ã–π;–ì—Ä–∞–Ω–∏—Ç–Ω—ã–π;–ò–Ω—Ç–µ–ª–ª–µ–∫—Ç—É–∞–ª—å–Ω—ã–π –ù–µ–æ–¥–∏–º–æ–≤—ã–π –ö–µ–ø–∫–∞
43089;dreamer, writer;–û–∫—Ç—è–±—Ä–∏–Ω–∞ –¢—Ä–æ—Ñ–∏–º–æ–≤–∞;–û–ª—å–≥–∞;Ryan;Sat May 10 2003 23:24:18 GMT+0400 (–ú–æ—Å–∫–≤–∞, –ª–µ—Ç–Ω–µ–µ –≤—Ä–µ–º—è);Solomon_Volkman@gmail.com;(921)057-76-35;female;female;–ö–∏–ø—Ä;–Ø—Ö—Ä–æ–º–∞;–î–µ–ø—É—Ç–∞—Ç—Å–∫–∞—è –∞–ª–ª–µ—è, 819;–æ–ø—Ç–∏–º–∏–∑–∞—Ü–∏–æ–Ω–Ω—ã–π;–ù–∞—Ü–∏–æ–Ω–∞–ª—å–Ω—ã–π;–∞–¥–º–∏–Ω–∏—Å—Ç—Ä–∞—Ç–æ—Ä;–í–µ–¥—É—â–∏–π –æ–ø–µ—Ä–∞—Ü–∏–æ–Ω–Ω—ã–π –∞–≥–µ–Ω—Ç;–∫—Ä–∞—Å–æ—Ç–∞;978-0-07-663004-2;392.00;–ù–æ–∂–Ω–∏—Ü—ã;–°–≤–æ–±–æ–¥–Ω—ã–π;–ë–µ—Ç–æ–Ω–Ω—ã–π;–≠—Ä–≥–æ–Ω–æ–º–∏—á–Ω—ã–π –•–ª–æ–ø–∫–æ–≤—ã–π –ë–æ—Ç–∏–Ω–æ–∫
62312;tart junkie  üéüÔ∏è;–í–∞—Ä—Ñ–æ–ª–æ–º–µ–π –ï—Ñ–∏–º–æ–≤–∏—á –ì—É—â–∏–Ω;–ú–∏–ª–µ–Ω;Brooklyn;Mon Apr 30 2001 10:44:48 GMT+0400 (–ú–æ—Å–∫–≤–∞, –ª–µ—Ç–Ω–µ–µ –≤—Ä–µ–º—è);Emiluk.Davis@yahoo.com;(966)876-88-83;male;male;–ù–∞–º–∏–±–∏—è;–†—ã–ª—å—Å–∫;–Ω–∞–±. –ë–æ—Ä–æ–≤–∞—è, 443;–ª–æ–≥–∏—Å—Ç–∏—á–µ—Å–∫–∏–π;–ì–ª–æ–±–∞–ª—å–Ω—ã–π;–¥–∏–∑–∞–π–Ω–µ—Ä;–†–∞–π–æ–Ω–Ω—ã–π —Ñ—É–Ω–∫—Ü–∏–æ–Ω–∞–ª—å–Ω—ã–π –∫–æ–æ—Ä–¥–∏–Ω–∞—Ç–æ—Ä;–û–¥–µ–∂–¥–∞;978-1-889775-03-6;834.00;–†–µ–º–µ–Ω—å;–õ–æ—Å–Ω—è—â–∏–π—Å—è;–ë–µ—Ç–æ–Ω–Ω—ã–π;–°–≤–æ–±–æ–¥–Ω—ã–π –°—Ç–∞–ª—å–Ω–æ–π –°–∞–±–æ
52356;leaf devotee, foodie;–í–∏–Ω–æ–≥—Ä–∞–¥–æ–≤ –ò–ø–∞—Ç;–§–µ–¥–æ—Ç;Reign;Sat Jun 13 1959 21:24:52 GMT+0300 (–ú–æ—Å–∫–≤–∞, —Å—Ç–∞–Ω–¥–∞—Ä—Ç–Ω–æ–µ –≤—Ä–µ–º—è);Svyatoslav26@yahoo.com;(998)507-28-18;male;male;–¢–∞–º–∏–ª-–ò–ª–∞–º (–Ω–µ –ø—Ä–∏–∑–Ω–∞–Ω–∞);–ë–µ—Å–ª–∞–Ω;–∞–ª. –£—Ä–∞–ª—å—Å–∫–∞—è, 284;–º–∞—Ä–∫–µ—Ç–∏–Ω–≥–æ–≤—ã–π;–†–∞–π–æ–Ω–Ω—ã–π;–¥–∏–∑–∞–π–Ω–µ—Ä;–ù–∞—Ü–∏–æ–Ω–∞–ª—å–Ω—ã–π –∏–Ω—Ç–µ–≥—Ä–∞—Ü–∏–æ–Ω–Ω—ã–π –∏–Ω–∂–µ–Ω–µ—Ä;–ü—Ä—è–∂–∞;978-1-74513-191-4;145.00;–°–≤–∏—Ç–µ—Ä;–ë–æ–ª—å—à–æ–π;–ë–µ—Ç–æ–Ω–Ω—ã–π;–ü–æ—Ç—Ä—è—Å–∞—é—â–∏–π –ù–µ–æ–¥–∏–º–æ–≤—ã–π –®–∞—Ä—Ñ
3690;nerd, nerd;–ê–¥—Ä–∏–∞–Ω –ò–∑–º–∞–∏–ª–æ–≤–∏—á –§–µ–¥–æ—Ä–æ–≤;–¢—Ä–æ—Ñ–∏–º;Jordan;Sun Jul 07 2002 13:48:38 GMT+0400 (–ú–æ—Å–∫–≤–∞, –ª–µ—Ç–Ω–µ–µ –≤—Ä–µ–º—è);Fevroniya.Reichel@hotmail.com;(969)883-73-69;male;female;–ë–µ–ª–∏–∑;–ë–æ–º–Ω–∞–∫;–Ω–∞–±–µ—Ä–µ–∂–Ω–∞—è –ù–æ–≤–∞—è, 224;–∫–æ–º–º—É–Ω–∏–∫–∞—Ü–∏–æ–Ω–Ω—ã–π;–ú–µ–∂–¥—É–Ω–∞—Ä–æ–¥–Ω—ã–π;–∏–Ω–∂–µ–Ω–µ—Ä;–ì–µ–Ω–µ—Ä–∞–ª—å–Ω—ã–π —Ñ—É–Ω–∫—Ü–∏–æ–Ω–∞–ª—å–Ω—ã–π –º–µ–Ω–µ–¥–∂–µ—Ä;–∫—Ä–∞—Å–æ—Ç–∞;978-0-305-69542-2;332.00;–®–∞—Ä—Ñ;–§–∞–Ω—Ç–∞—Å—Ç–∏—á–µ—Å–∫–∏–π;–ì—Ä–∞–Ω–∏—Ç–Ω—ã–π;–°–≤–æ–±–æ–¥–Ω—ã–π –ì—Ä–∞–Ω–∏—Ç–Ω—ã–π –ö–µ–ø–∫–∞